16399,pg_toast.pg_toast_16390
16400,pg_toast.pg_toast_16390_index
16484,pg_toast.pg_toast_16480
16401,pgpm.config_pkey
16485,pg_toast.pg_toast_16480_index
16480,pgpm.archive_ledger
16486,pgpm.archive_ledger_pkey
16488,pgpm.archive_ledger_parent_child_hi_idx
16545,pgpm.partitions
16550,pgpm.installed_id_seq
16390,pgpm.config
16412,pg_toast.pg_toast_16407
16413,pg_toast.pg_toast_16407_index
16407,pgpm.part
16414,pgpm.part_pkey
16420,pg_toast.pg_toast_16416
16421,pg_toast.pg_toast_16416_index
16416,pgpm.transmute_inflight
16422,pgpm.transmute_inflight_pkey
16424,pgpm.log_id_seq
16429,pg_toast.pg_toast_16425
16430,pg_toast.pg_toast_16425_index
16425,pgpm.log
16431,pgpm.log_pkey
16433,pgpm.dropped_fk_id_seq
16438,pg_toast.pg_toast_16434
16439,pg_toast.pg_toast_16434_index
16555,pg_toast.pg_toast_16551
16440,pgpm.dropped_fk_pkey
16434,pgpm.dropped_fk
16475,pgpm.archive_result
16556,pg_toast.pg_toast_16551_index
16551,pgpm.installed
16557,pgpm.installed_pkey
2619,pg_catalog.pg_statistic
1247,pg_catalog.pg_type
16618,public.mg_ret_p0000000000000700000_pkey
16620,pg_toast.pg_toast_16615
16621,pg_toast.pg_toast_16615_index
16704,pg_toast.pg_toast_16699
16562,pg_toast.pg_toast_16559
16563,pg_toast.pg_toast_16559_index
16564,public.mg_ret_pkey
16559,public.mg_ret_p0000000000000000000
16705,pg_toast.pg_toast_16699_index
16730,public.mg_ret_p0000000000002300000_pkey
16732,pg_toast.pg_toast_16727
2836,pg_toast.pg_toast_1255
2837,pg_toast.pg_toast_1255_index
4171,pg_toast.pg_toast_1247
4172,pg_toast.pg_toast_1247_index
2830,pg_toast.pg_toast_2604
2831,pg_toast.pg_toast_2604_index
2832,pg_toast.pg_toast_2606
2833,pg_toast.pg_toast_2606_index
4157,pg_toast.pg_toast_2612
4158,pg_toast.pg_toast_2612_index
4159,pg_toast.pg_toast_2600
4160,pg_toast.pg_toast_2600_index
2840,pg_toast.pg_toast_2619
2841,pg_toast.pg_toast_2619_index
3439,pg_toast.pg_toast_3381
3440,pg_toast.pg_toast_3381_index
3430,pg_toast.pg_toast_3429
3431,pg_toast.pg_toast_3429_index
2838,pg_toast.pg_toast_2618
2839,pg_toast.pg_toast_2618_index
2336,pg_toast.pg_toast_2620
2337,pg_toast.pg_toast_2620_index
4145,pg_toast.pg_toast_3466
4146,pg_toast.pg_toast_3466_index
2834,pg_toast.pg_toast_2609
2835,pg_toast.pg_toast_2609_index
3118,pg_catalog.pg_foreign_table
4163,pg_toast.pg_toast_2615
4164,pg_toast.pg_toast_2615_index
4177,pg_toast.pg_toast_1262
4178,pg_toast.pg_toast_1262_index
2966,pg_toast.pg_toast_2964
2967,pg_toast.pg_toast_2964_index
4185,pg_toast.pg_toast_1213
4186,pg_toast.pg_toast_1213_index
4175,pg_toast.pg_toast_1260
4176,pg_toast.pg_toast_1260_index
2846,pg_toast.pg_toast_2396
2847,pg_toast.pg_toast_2396_index
4169,pg_toast.pg_toast_3600
4170,pg_toast.pg_toast_3600_index
4147,pg_toast.pg_toast_3079
4148,pg_toast.pg_toast_3079_index
4149,pg_toast.pg_toast_2328
4150,pg_toast.pg_toast_2328_index
4151,pg_toast.pg_toast_1417
4152,pg_toast.pg_toast_1417_index
4173,pg_toast.pg_toast_1418
4174,pg_toast.pg_toast_1418_index
4153,pg_toast.pg_toast_3118
4154,pg_toast.pg_toast_3118_index
4167,pg_toast.pg_toast_3256
4168,pg_toast.pg_toast_3256_index
4181,pg_toast.pg_toast_6000
4182,pg_toast.pg_toast_6000_index
4143,pg_toast.pg_toast_826
4144,pg_toast.pg_toast_826_index
4155,pg_toast.pg_toast_3394
4156,pg_toast.pg_toast_3394_index
3598,pg_toast.pg_toast_3596
3599,pg_toast.pg_toast_3596_index
4060,pg_toast.pg_toast_3592
4061,pg_toast.pg_toast_3592_index
6175,pg_toast.pg_toast_3456
6176,pg_toast.pg_toast_3456_index
6244,pg_toast.pg_toast_6243
6245,pg_toast.pg_toast_6243_index
4165,pg_toast.pg_toast_3350
4166,pg_toast.pg_toast_3350_index
6228,pg_toast.pg_toast_6106
6229,pg_toast.pg_toast_6106_index
4183,pg_toast.pg_toast_6100
4184,pg_toast.pg_toast_6100_index
2690,pg_catalog.pg_proc_oid_index
2691,pg_catalog.pg_proc_proname_args_nsp_index
2703,pg_catalog.pg_type_oid_index
2704,pg_catalog.pg_type_typname_nsp_index
2658,pg_catalog.pg_attribute_relid_attnam_index
2659,pg_catalog.pg_attribute_relid_attnum_index
2662,pg_catalog.pg_class_oid_index
2663,pg_catalog.pg_class_relname_nsp_index
3455,pg_catalog.pg_class_tblspc_relfilenode_index
2656,pg_catalog.pg_attrdef_adrelid_adnum_index
2657,pg_catalog.pg_attrdef_oid_index
2664,pg_catalog.pg_constraint_conname_nsp_index
2665,pg_catalog.pg_constraint_conrelid_contypid_conname_index
2666,pg_catalog.pg_constraint_contypid_index
2667,pg_catalog.pg_constraint_oid_index
2579,pg_catalog.pg_constraint_conparentid_index
2680,pg_catalog.pg_inherits_relid_seqno_index
2187,pg_catalog.pg_inherits_parent_index
2678,pg_catalog.pg_index_indrelid_index
2679,pg_catalog.pg_index_indexrelid_index
2688,pg_catalog.pg_operator_oid_index
2689,pg_catalog.pg_operator_oprname_l_r_n_index
2754,pg_catalog.pg_opfamily_am_name_nsp_index
2755,pg_catalog.pg_opfamily_oid_index
2686,pg_catalog.pg_opclass_am_name_nsp_index
2687,pg_catalog.pg_opclass_oid_index
2651,pg_catalog.pg_am_name_index
2652,pg_catalog.pg_am_oid_index
2653,pg_catalog.pg_amop_fam_strat_index
2654,pg_catalog.pg_amop_opr_fam_index
2756,pg_catalog.pg_amop_oid_index
2655,pg_catalog.pg_amproc_fam_proc_index
2757,pg_catalog.pg_amproc_oid_index
2681,pg_catalog.pg_language_name_index
2682,pg_catalog.pg_language_oid_index
2996,pg_catalog.pg_largeobject_metadata_oid_index
2683,pg_catalog.pg_largeobject_loid_pn_index
2650,pg_catalog.pg_aggregate_fnoid_index
2696,pg_catalog.pg_statistic_relid_att_inh_index
3380,pg_catalog.pg_statistic_ext_oid_index
3997,pg_catalog.pg_statistic_ext_name_index
3379,pg_catalog.pg_statistic_ext_relid_index
3433,pg_catalog.pg_statistic_ext_data_stxoid_inh_index
2692,pg_catalog.pg_rewrite_oid_index
2693,pg_catalog.pg_rewrite_rel_rulename_index
2699,pg_catalog.pg_trigger_tgconstraint_index
2701,pg_catalog.pg_trigger_tgrelid_tgname_index
2702,pg_catalog.pg_trigger_oid_index
3467,pg_catalog.pg_event_trigger_evtname_index
3468,pg_catalog.pg_event_trigger_oid_index
2675,pg_catalog.pg_description_o_c_o_index
2660,pg_catalog.pg_cast_oid_index
2661,pg_catalog.pg_cast_source_target_index
3502,pg_catalog.pg_enum_oid_index
3503,pg_catalog.pg_enum_typid_label_index
3534,pg_catalog.pg_enum_typid_sortorder_index
2684,pg_catalog.pg_namespace_nspname_index
2685,pg_catalog.pg_namespace_oid_index
2668,pg_catalog.pg_conversion_default_index
2669,pg_catalog.pg_conversion_name_nsp_index
2670,pg_catalog.pg_conversion_oid_index
2673,pg_catalog.pg_depend_depender_index
2674,pg_catalog.pg_depend_reference_index
2671,pg_catalog.pg_database_datname_index
2672,pg_catalog.pg_database_oid_index
2965,pg_catalog.pg_db_role_setting_databaseid_rol_index
2697,pg_catalog.pg_tablespace_oid_index
2698,pg_catalog.pg_tablespace_spcname_index
2676,pg_catalog.pg_authid_rolname_index
2677,pg_catalog.pg_authid_oid_index
6303,pg_catalog.pg_auth_members_oid_index
2694,pg_catalog.pg_auth_members_role_member_index
2695,pg_catalog.pg_auth_members_member_role_index
6302,pg_catalog.pg_auth_members_grantor_index
1232,pg_catalog.pg_shdepend_depender_index
1233,pg_catalog.pg_shdepend_reference_index
2397,pg_catalog.pg_shdescription_o_c_index
3608,pg_catalog.pg_ts_config_cfgname_index
3712,pg_catalog.pg_ts_config_oid_index
3609,pg_catalog.pg_ts_config_map_index
3604,pg_catalog.pg_ts_dict_dictname_index
3605,pg_catalog.pg_ts_dict_oid_index
3606,pg_catalog.pg_ts_parser_prsname_index
3607,pg_catalog.pg_ts_parser_oid_index
3766,pg_catalog.pg_ts_template_tmplname_index
3767,pg_catalog.pg_ts_template_oid_index
3080,pg_catalog.pg_extension_oid_index
3081,pg_catalog.pg_extension_name_index
112,pg_catalog.pg_foreign_data_wrapper_oid_index
548,pg_catalog.pg_foreign_data_wrapper_name_index
113,pg_catalog.pg_foreign_server_oid_index
549,pg_catalog.pg_foreign_server_name_index
174,pg_catalog.pg_user_mapping_oid_index
175,pg_catalog.pg_user_mapping_user_server_index
3119,pg_catalog.pg_foreign_table_relid_index
3257,pg_catalog.pg_policy_oid_index
3258,pg_catalog.pg_policy_polrelid_polname_index
6001,pg_catalog.pg_replication_origin_roiident_index
6002,pg_catalog.pg_replication_origin_roname_index
827,pg_catalog.pg_default_acl_role_nsp_obj_index
828,pg_catalog.pg_default_acl_oid_index
3395,pg_catalog.pg_init_privs_o_c_o_index
3597,pg_catalog.pg_seclabel_object_index
3593,pg_catalog.pg_shseclabel_object_index
3164,pg_catalog.pg_collation_name_enc_nsp_index
3085,pg_catalog.pg_collation_oid_index
6246,pg_catalog.pg_parameter_acl_parname_index
6247,pg_catalog.pg_parameter_acl_oid_index
3351,pg_catalog.pg_partitioned_table_partrelid_index
3542,pg_catalog.pg_range_rngtypid_index
2228,pg_catalog.pg_range_rngmultitypid_index
3574,pg_catalog.pg_transform_oid_index
3575,pg_catalog.pg_transform_type_lang_index
5002,pg_catalog.pg_sequence_seqrelid_index
6110,pg_catalog.pg_publication_oid_index
6111,pg_catalog.pg_publication_pubname_index
6238,pg_catalog.pg_publication_namespace_oid_index
6239,pg_catalog.pg_publication_namespace_pnnspid_pnpubid_index
6112,pg_catalog.pg_publication_rel_oid_index
6113,pg_catalog.pg_publication_rel_prrelid_prpubid_index
6116,pg_catalog.pg_publication_rel_prpubid_index
6114,pg_catalog.pg_subscription_oid_index
6115,pg_catalog.pg_subscription_subname_index
6117,pg_catalog.pg_subscription_rel_srrelid_srsubid_index
1260,pg_catalog.pg_authid
12005,pg_catalog.pg_shadow
16567,public.mg_ret
12000,pg_catalog.pg_roles
16571,public.mg_ret_pkey1
16576,public.mg_ret_p0000000000000100000_pkey
16578,pg_toast.pg_toast_16573
16579,pg_toast.pg_toast_16573_index
16573,public.mg_ret_p0000000000000100000
16583,public.mg_ret_p0000000000000200000_pkey
16585,pg_toast.pg_toast_16580
16586,pg_toast.pg_toast_16580_index
16580,public.mg_ret_p0000000000000200000
3429,pg_catalog.pg_statistic_ext_data
16590,public.mg_ret_p0000000000000300000_pkey
16592,pg_toast.pg_toast_16587
12114,pg_catalog.pg_hba_file_rules
12104,pg_catalog.pg_settings
12110,pg_catalog.pg_file_settings
12138,pg_catalog.pg_backend_memory_contexts
12118,pg_catalog.pg_ident_file_mappings
12130,pg_catalog.pg_config
12134,pg_catalog.pg_shmem_allocations
12033,pg_catalog.pg_tables
16593,pg_toast.pg_toast_16587_index
16587,public.mg_ret_p0000000000000300000
16597,public.mg_ret_p0000000000000400000_pkey
16599,pg_toast.pg_toast_16594
16600,pg_toast.pg_toast_16594_index
16594,public.mg_ret_p0000000000000400000
16604,public.mg_ret_p0000000000000500000_pkey
16606,pg_toast.pg_toast_16601
16607,pg_toast.pg_toast_16601_index
16601,public.mg_ret_p0000000000000500000
16646,public.mg_ret_p0000000000001100000_pkey
1418,pg_catalog.pg_user_mapping
12209,pg_catalog.pg_statio_all_sequences
12339,pg_catalog.pg_replication_origin_status
6100,pg_catalog.pg_subscription
1249,pg_catalog.pg_attribute
1255,pg_catalog.pg_proc
1259,pg_catalog.pg_class
2604,pg_catalog.pg_attrdef
12214,pg_catalog.pg_statio_sys_sequences
12218,pg_catalog.pg_statio_user_sequences
2606,pg_catalog.pg_constraint
2611,pg_catalog.pg_inherits
2610,pg_catalog.pg_index
2617,pg_catalog.pg_operator
2753,pg_catalog.pg_opfamily
2616,pg_catalog.pg_opclass
2601,pg_catalog.pg_am
2602,pg_catalog.pg_amop
2603,pg_catalog.pg_amproc
2612,pg_catalog.pg_language
2995,pg_catalog.pg_largeobject_metadata
16648,pg_toast.pg_toast_16643
2600,pg_catalog.pg_aggregate
3381,pg_catalog.pg_statistic_ext
2618,pg_catalog.pg_rewrite
2620,pg_catalog.pg_trigger
3466,pg_catalog.pg_event_trigger
2609,pg_catalog.pg_description
2605,pg_catalog.pg_cast
3501,pg_catalog.pg_enum
2615,pg_catalog.pg_namespace
2607,pg_catalog.pg_conversion
2608,pg_catalog.pg_depend
1262,pg_catalog.pg_database
2964,pg_catalog.pg_db_role_setting
1213,pg_catalog.pg_tablespace
1261,pg_catalog.pg_auth_members
1214,pg_catalog.pg_shdepend
2396,pg_catalog.pg_shdescription
3602,pg_catalog.pg_ts_config
3603,pg_catalog.pg_ts_config_map
3600,pg_catalog.pg_ts_dict
3601,pg_catalog.pg_ts_parser
3764,pg_catalog.pg_ts_template
16649,pg_toast.pg_toast_16643_index
3079,pg_catalog.pg_extension
2328,pg_catalog.pg_foreign_data_wrapper
1417,pg_catalog.pg_foreign_server
3256,pg_catalog.pg_policy
6000,pg_catalog.pg_replication_origin
826,pg_catalog.pg_default_acl
3394,pg_catalog.pg_init_privs
3596,pg_catalog.pg_seclabel
3592,pg_catalog.pg_shseclabel
3456,pg_catalog.pg_collation
6243,pg_catalog.pg_parameter_acl
3350,pg_catalog.pg_partitioned_table
3541,pg_catalog.pg_range
3576,pg_catalog.pg_transform
2224,pg_catalog.pg_sequence
6104,pg_catalog.pg_publication
6237,pg_catalog.pg_publication_namespace
6106,pg_catalog.pg_publication_rel
6102,pg_catalog.pg_subscription_rel
12010,pg_catalog.pg_group
12014,pg_catalog.pg_user
12018,pg_catalog.pg_policies
12023,pg_catalog.pg_rules
12028,pg_catalog.pg_views
12038,pg_catalog.pg_matviews
12043,pg_catalog.pg_indexes
12048,pg_catalog.pg_sequences
12053,pg_catalog.pg_stats
12058,pg_catalog.pg_stats_ext
12063,pg_catalog.pg_stats_ext_exprs
12068,pg_catalog.pg_publication_tables
12073,pg_catalog.pg_locks
12077,pg_catalog.pg_cursors
12081,pg_catalog.pg_available_extensions
12085,pg_catalog.pg_available_extension_versions
12090,pg_catalog.pg_prepared_xacts
12095,pg_catalog.pg_prepared_statements
12099,pg_catalog.pg_seclabels
12122,pg_catalog.pg_timezone_abbrevs
12126,pg_catalog.pg_timezone_names
12142,pg_catalog.pg_stat_all_tables
12147,pg_catalog.pg_stat_xact_all_tables
12166,pg_catalog.pg_stat_xact_user_tables
12152,pg_catalog.pg_stat_sys_tables
12157,pg_catalog.pg_stat_xact_sys_tables
12161,pg_catalog.pg_stat_user_tables
12170,pg_catalog.pg_statio_all_tables
12175,pg_catalog.pg_statio_sys_tables
12179,pg_catalog.pg_statio_user_tables
12183,pg_catalog.pg_stat_all_indexes
12188,pg_catalog.pg_stat_sys_indexes
12192,pg_catalog.pg_stat_user_indexes
12196,pg_catalog.pg_statio_all_indexes
12201,pg_catalog.pg_statio_sys_indexes
12205,pg_catalog.pg_statio_user_indexes
12222,pg_catalog.pg_stat_activity
12227,pg_catalog.pg_stat_replication
12232,pg_catalog.pg_stat_slru
12236,pg_catalog.pg_stat_wal_receiver
12240,pg_catalog.pg_stat_recovery_prefetch
12244,pg_catalog.pg_stat_subscription
12249,pg_catalog.pg_stat_ssl
12253,pg_catalog.pg_stat_gssapi
12257,pg_catalog.pg_replication_slots
12262,pg_catalog.pg_stat_replication_slots
12266,pg_catalog.pg_stat_database
12271,pg_catalog.pg_stat_database_conflicts
12275,pg_catalog.pg_stat_user_functions
12280,pg_catalog.pg_stat_xact_user_functions
12285,pg_catalog.pg_stat_archiver
12289,pg_catalog.pg_stat_bgwriter
12293,pg_catalog.pg_stat_checkpointer
12297,pg_catalog.pg_stat_io
12301,pg_catalog.pg_stat_wal
12305,pg_catalog.pg_stat_progress_analyze
12310,pg_catalog.pg_stat_progress_vacuum
12315,pg_catalog.pg_stat_progress_cluster
12320,pg_catalog.pg_stat_progress_create_index
12325,pg_catalog.pg_stat_progress_basebackup
12329,pg_catalog.pg_stat_progress_copy
12334,pg_catalog.pg_user_mappings
12343,pg_catalog.pg_stat_subscription_stats
12347,pg_catalog.pg_wait_events
2613,pg_catalog.pg_largeobject
13351,information_schema.column_column_usage
13303,information_schema.information_schema_catalog_name
13336,information_schema.check_constraints
13312,information_schema.applicable_roles
13317,information_schema.administrable_role_authorizations
13321,information_schema.attributes
13341,information_schema.collations
13326,information_schema.character_sets
13331,information_schema.check_constraint_routine_usage
13361,information_schema.column_privileges
13346,information_schema.collation_character_set_applicability
13356,information_schema.column_domain_usage
13366,information_schema.column_udt_usage
16674,public.mg_ret_p0000000000001500000_pkey
13371,information_schema.columns
13376,information_schema.constraint_column_usage
13381,information_schema.constraint_table_usage
13386,information_schema.domain_constraints
13447,information_schema.routine_table_usage
13391,information_schema.domain_udt_usage
13395,information_schema.domains
13479,pg_toast.pg_toast_13476
13400,information_schema.enabled_roles
13452,information_schema.routines
13404,information_schema.key_column_usage
13409,information_schema.parameters
13480,pg_toast.pg_toast_13476_index
13414,information_schema.referential_constraints
13457,information_schema.schemata
13419,information_schema.role_column_grants
13423,information_schema.routine_column_usage
13476,information_schema.sql_parts
13428,information_schema.routine_privileges
13461,information_schema.sequences
13433,information_schema.role_routine_grants
13437,information_schema.routine_routine_usage
13469,pg_toast.pg_toast_13466
13442,information_schema.routine_sequence_usage
13470,pg_toast.pg_toast_13466_index
13484,pg_toast.pg_toast_13481
13466,information_schema.sql_features
13474,pg_toast.pg_toast_13471
13475,pg_toast.pg_toast_13471_index
13485,pg_toast.pg_toast_13481_index
13471,information_schema.sql_implementation_info
13496,information_schema.role_table_grants
13481,information_schema.sql_sizing
13491,information_schema.table_privileges
13486,information_schema.table_constraints
13505,information_schema.transforms
13500,information_schema.tables
16676,pg_toast.pg_toast_16671
13510,information_schema.triggered_update_columns
13515,information_schema.triggers
16677,pg_toast.pg_toast_16671_index
13520,information_schema.udt_privileges
13582,information_schema._pg_foreign_data_wrappers
13525,information_schema.role_udt_grants
13529,information_schema.usage_privileges
13615,information_schema.foreign_tables
13534,information_schema.role_usage_grants
13586,information_schema.foreign_data_wrapper_options
13538,information_schema.user_defined_types
13543,information_schema.view_column_usage
13548,information_schema.view_routine_usage
13590,information_schema.foreign_data_wrappers
13553,information_schema.view_table_usage
13558,information_schema.views
13594,information_schema._pg_foreign_servers
13563,information_schema.data_type_privileges
13568,information_schema.element_types
13573,information_schema._pg_foreign_table_columns
13619,information_schema._pg_user_mappings
13578,information_schema.column_options
13598,information_schema.foreign_server_options
13602,information_schema.foreign_servers
13606,information_schema._pg_foreign_tables
13611,information_schema.foreign_table_options
16611,public.mg_ret_p0000000000000600000_pkey
13624,information_schema.user_mapping_options
16613,pg_toast.pg_toast_16608
13629,information_schema.user_mappings
16614,pg_toast.pg_toast_16608_index
16608,public.mg_ret_p0000000000000600000
16702,public.mg_ret_p0000000000001900000_pkey
16615,public.mg_ret_p0000000000000700000
16625,public.mg_ret_p0000000000000800000_pkey
16627,pg_toast.pg_toast_16622
16628,pg_toast.pg_toast_16622_index
16622,public.mg_ret_p0000000000000800000
16632,public.mg_ret_p0000000000000900000_pkey
16634,pg_toast.pg_toast_16629
16635,pg_toast.pg_toast_16629_index
16629,public.mg_ret_p0000000000000900000
16639,public.mg_ret_p0000000000001000000_pkey
16641,pg_toast.pg_toast_16636
16642,pg_toast.pg_toast_16636_index
16636,public.mg_ret_p0000000000001000000
16643,public.mg_ret_p0000000000001100000
16653,public.mg_ret_p0000000000001200000_pkey
16655,pg_toast.pg_toast_16650
16656,pg_toast.pg_toast_16650_index
16650,public.mg_ret_p0000000000001200000
16660,public.mg_ret_p0000000000001300000_pkey
16662,pg_toast.pg_toast_16657
16663,pg_toast.pg_toast_16657_index
16657,public.mg_ret_p0000000000001300000
16667,public.mg_ret_p0000000000001400000_pkey
16669,pg_toast.pg_toast_16664
16670,pg_toast.pg_toast_16664_index
16664,public.mg_ret_p0000000000001400000
16671,public.mg_ret_p0000000000001500000
16681,public.mg_ret_p0000000000001600000_pkey
16683,pg_toast.pg_toast_16678
16684,pg_toast.pg_toast_16678_index
16678,public.mg_ret_p0000000000001600000
16688,public.mg_ret_p0000000000001700000_pkey
16690,pg_toast.pg_toast_16685
16691,pg_toast.pg_toast_16685_index
16685,public.mg_ret_p0000000000001700000
16695,public.mg_ret_p0000000000001800000_pkey
16697,pg_toast.pg_toast_16692
16698,pg_toast.pg_toast_16692_index
16692,public.mg_ret_p0000000000001800000
16699,public.mg_ret_p0000000000001900000
16709,public.mg_ret_p0000000000002000000_pkey
16711,pg_toast.pg_toast_16706
16712,pg_toast.pg_toast_16706_index
16706,public.mg_ret_p0000000000002000000
16716,public.mg_ret_p0000000000002100000_pkey
16718,pg_toast.pg_toast_16713
16719,pg_toast.pg_toast_16713_index
16713,public.mg_ret_p0000000000002100000
16723,public.mg_ret_p0000000000002200000_pkey
16725,pg_toast.pg_toast_16720
16726,pg_toast.pg_toast_16720_index
16720,public.mg_ret_p0000000000002200000
16733,pg_toast.pg_toast_16727_index
16727,public.mg_ret_p0000000000002300000
16835,public.ml_p0000000000002800000_pkey
16737,public.mg_ret_p0000000000002400000_pkey
16739,pg_toast.pg_toast_16734
16740,pg_toast.pg_toast_16734_index
16734,public.mg_ret_p0000000000002400000
16837,pg_toast.pg_toast_16832
16744,public.mg_ret_p0000000000002500000_pkey
16746,pg_toast.pg_toast_16741
16747,pg_toast.pg_toast_16741_index
16741,public.mg_ret_p0000000000002500000
16838,pg_toast.pg_toast_16832_index
16751,public.mg_ret_p0000000000002600000_pkey
16753,pg_toast.pg_toast_16748
16754,pg_toast.pg_toast_16748_index
16748,public.mg_ret_p0000000000002600000
16832,public.ml_p0000000000002800000
16842,public.ml_p0000000000003200000_pkey
16844,pg_toast.pg_toast_16839
16845,pg_toast.pg_toast_16839_index
16839,public.ml_p0000000000003200000
16758,public.mg_ret_p0000000000002700000_pkey
16760,pg_toast.pg_toast_16755
16761,pg_toast.pg_toast_16755_index
16755,public.mg_ret_p0000000000002700000
16765,public.mg_ret_p0000000000002800000_pkey
16767,pg_toast.pg_toast_16762
16768,pg_toast.pg_toast_16762_index
16762,public.mg_ret_p0000000000002800000
16772,public.mg_ret_p0000000000002900000_pkey
16774,pg_toast.pg_toast_16769
16775,pg_toast.pg_toast_16769_index
16769,public.mg_ret_p0000000000002900000
16849,public.ml_p0000000000003600000_pkey
16779,public.mg_ret_p0000000000003000000_pkey
16781,pg_toast.pg_toast_16776
16782,pg_toast.pg_toast_16776_index
16851,pg_toast.pg_toast_16846
16852,pg_toast.pg_toast_16846_index
16846,public.ml_p0000000000003600000
16856,public.ml_p0000000000004000000_pkey
16858,pg_toast.pg_toast_16853
16859,pg_toast.pg_toast_16853_index
16884,public.ml_p0000000000005600000_pkey
16776,public.mg_ret_p0000000000003000000
16786,pg_toast.pg_toast_16783
16787,pg_toast.pg_toast_16783_index
16807,public.ml_p0000000000001200000_pkey
16783,public.ml_p0000000000000000000_to_0000000000000800000
16791,public.ml
16795,public.ml_pkey1
16788,public.ml_pkey
16800,public.ml_p0000000000000800000_pkey
16802,pg_toast.pg_toast_16797
16803,pg_toast.pg_toast_16797_index
16797,public.ml_p0000000000000800000
16809,pg_toast.pg_toast_16804
16810,pg_toast.pg_toast_16804_index
16804,public.ml_p0000000000001200000
16814,public.ml_p0000000000001600000_pkey
16816,pg_toast.pg_toast_16811
16817,pg_toast.pg_toast_16811_index
16811,public.ml_p0000000000001600000
16821,public.ml_p0000000000002000000_pkey
16823,pg_toast.pg_toast_16818
16824,pg_toast.pg_toast_16818_index
16818,public.ml_p0000000000002000000
16828,public.ml_p0000000000002400000_pkey
16830,pg_toast.pg_toast_16825
16831,pg_toast.pg_toast_16825_index
16825,public.ml_p0000000000002400000
16853,public.ml_p0000000000004000000
16863,public.ml_p0000000000004400000_pkey
16865,pg_toast.pg_toast_16860
16866,pg_toast.pg_toast_16860_index
16860,public.ml_p0000000000004400000
16870,public.ml_p0000000000004800000_pkey
16872,pg_toast.pg_toast_16867
16873,pg_toast.pg_toast_16867_index
16867,public.ml_p0000000000004800000
16877,public.ml_p0000000000005200000_pkey
16879,pg_toast.pg_toast_16874
16880,pg_toast.pg_toast_16874_index
16874,public.ml_p0000000000005200000
16886,pg_toast.pg_toast_16881
16887,pg_toast.pg_toast_16881_index
16881,public.ml_p0000000000005600000
16891,public.ml_p0000000000006000000_pkey
16893,pg_toast.pg_toast_16888
16894,pg_toast.pg_toast_16888_index
16888,public.ml_p0000000000006000000
16898,public.ml_p0000000000006400000_pkey
16900,pg_toast.pg_toast_16895
16901,pg_toast.pg_toast_16895_index
16895,public.ml_p0000000000006400000
16905,public.ml_p0000000000006800000_pkey
16907,pg_toast.pg_toast_16902
16908,pg_toast.pg_toast_16902_index
16902,public.ml_p0000000000006800000
16961,public.ml_p0000000000010000000_pkey
16963,pg_toast.pg_toast_16958
16912,public.ml_p0000000000007200000_pkey
16914,pg_toast.pg_toast_16909
16915,pg_toast.pg_toast_16909_index
16909,public.ml_p0000000000007200000
16919,public.ml_p0000000000007600000_pkey
16921,pg_toast.pg_toast_16916
16922,pg_toast.pg_toast_16916_index
16916,public.ml_p0000000000007600000
16926,public.ml_p0000000000008000000_pkey
16928,pg_toast.pg_toast_16923
16929,pg_toast.pg_toast_16923_index
16923,public.ml_p0000000000008000000
16933,public.ml_p0000000000008400000_pkey
16935,pg_toast.pg_toast_16930
16936,pg_toast.pg_toast_16930_index
16964,pg_toast.pg_toast_16958_index
16989,public.ml_p0000000000011600000_pkey
16930,public.ml_p0000000000008400000
16940,public.ml_p0000000000008800000_pkey
16942,pg_toast.pg_toast_16937
16943,pg_toast.pg_toast_16937_index
16937,public.ml_p0000000000008800000
16947,public.ml_p0000000000009200000_pkey
16949,pg_toast.pg_toast_16944
16950,pg_toast.pg_toast_16944_index
16944,public.ml_p0000000000009200000
16954,public.ml_p0000000000009600000_pkey
16956,pg_toast.pg_toast_16951
16957,pg_toast.pg_toast_16951_index
16951,public.ml_p0000000000009600000
16958,public.ml_p0000000000010000000
16968,public.ml_p0000000000010400000_pkey
16970,pg_toast.pg_toast_16965
16971,pg_toast.pg_toast_16965_index
16965,public.ml_p0000000000010400000
16975,public.ml_p0000000000010800000_pkey
16977,pg_toast.pg_toast_16972
16978,pg_toast.pg_toast_16972_index
16972,public.ml_p0000000000010800000
16982,public.ml_p0000000000011200000_pkey
16984,pg_toast.pg_toast_16979
16985,pg_toast.pg_toast_16979_index
16979,public.ml_p0000000000011200000
16991,pg_toast.pg_toast_16986
16992,pg_toast.pg_toast_16986_index
16986,public.ml_p0000000000011600000
17020,public.ml_p0000000000012800000_pkey
16996,public.ml_p0000000000012000000_pkey
16998,pg_toast.pg_toast_16993
16999,pg_toast.pg_toast_16993_index
16993,public.ml_p0000000000012000000
17022,pg_toast.pg_toast_17017
17003,public.ml_p0000000000012400000_pkey
17005,pg_toast.pg_toast_17000
17006,pg_toast.pg_toast_17000_index
17000,public.ml_p0000000000012400000
17010,public.ml_pgpm_regrain_delta_pgpm_seq_seq
17023,pg_toast.pg_toast_17017_index
17007,public.ml_pgpm_regrain_delta
17014,public.ml_pgpm_regrain_delta_pgpm_seq_idx
17017,public.ml_p0000000000012800000
17027,public.ml_p0000000000013200000_pkey
17029,pg_toast.pg_toast_17024
17030,pg_toast.pg_toast_17024_index
17055,public.ml_p0000000000014800000_pkey
17057,pg_toast.pg_toast_17052
17024,public.ml_p0000000000013200000
17034,public.ml_p0000000000013600000_pkey
17036,pg_toast.pg_toast_17031
17037,pg_toast.pg_toast_17031_index
17031,public.ml_p0000000000013600000
17041,public.ml_p0000000000014000000_pkey
17043,pg_toast.pg_toast_17038
17044,pg_toast.pg_toast_17038_index
17038,public.ml_p0000000000014000000
17048,public.ml_p0000000000014400000_pkey
17050,pg_toast.pg_toast_17045
17051,pg_toast.pg_toast_17045_index
17045,public.ml_p0000000000014400000
17058,pg_toast.pg_toast_17052_index
17052,public.ml_p0000000000014800000
17062,public.ml_p0000000000015200000_pkey
17064,pg_toast.pg_toast_17059
17065,pg_toast.pg_toast_17059_index
17059,public.ml_p0000000000015200000
17069,public.ml_p0000000000015600000_pkey
17071,pg_toast.pg_toast_17066
17072,pg_toast.pg_toast_17066_index
17066,public.ml_p0000000000015600000
17076,public.ml_p0000000000016000000_pkey
17078,pg_toast.pg_toast_17073
17079,pg_toast.pg_toast_17073_index
17073,public.ml_p0000000000016000000
17132,public.ml_p0000000000019200000_pkey
17134,pg_toast.pg_toast_17129
17135,pg_toast.pg_toast_17129_index
17083,public.ml_p0000000000016400000_pkey
17085,pg_toast.pg_toast_17080
17086,pg_toast.pg_toast_17080_index
17080,public.ml_p0000000000016400000
17090,public.ml_p0000000000016800000_pkey
17092,pg_toast.pg_toast_17087
17093,pg_toast.pg_toast_17087_index
17087,public.ml_p0000000000016800000
17097,public.ml_p0000000000017200000_pkey
17099,pg_toast.pg_toast_17094
17100,pg_toast.pg_toast_17094_index
17094,public.ml_p0000000000017200000
17104,public.ml_p0000000000017600000_pkey
17106,pg_toast.pg_toast_17101
17107,pg_toast.pg_toast_17101_index
17160,public.ml_p0000000000020800000_pkey
17162,pg_toast.pg_toast_17157
17101,public.ml_p0000000000017600000
17111,public.ml_p0000000000018000000_pkey
17113,pg_toast.pg_toast_17108
17114,pg_toast.pg_toast_17108_index
17108,public.ml_p0000000000018000000
17118,public.ml_p0000000000018400000_pkey
17120,pg_toast.pg_toast_17115
17121,pg_toast.pg_toast_17115_index
17115,public.ml_p0000000000018400000
17125,public.ml_p0000000000018800000_pkey
17127,pg_toast.pg_toast_17122
17128,pg_toast.pg_toast_17122_index
17122,public.ml_p0000000000018800000
17129,public.ml_p0000000000019200000
17139,public.ml_p0000000000019600000_pkey
17141,pg_toast.pg_toast_17136
17142,pg_toast.pg_toast_17136_index
17136,public.ml_p0000000000019600000
17146,public.ml_p0000000000020000000_pkey
17148,pg_toast.pg_toast_17143
17149,pg_toast.pg_toast_17143_index
17143,public.ml_p0000000000020000000
17153,public.ml_p0000000000020400000_pkey
17155,pg_toast.pg_toast_17150
17156,pg_toast.pg_toast_17150_index
17150,public.ml_p0000000000020400000
17163,pg_toast.pg_toast_17157_index
17157,public.ml_p0000000000020800000
17167,public.ml_p0000000000021200000_pkey
17169,pg_toast.pg_toast_17164
17170,pg_toast.pg_toast_17164_index
17164,public.ml_p0000000000021200000
17174,public.ml_p0000000000021600000_pkey
17176,pg_toast.pg_toast_17171
17177,pg_toast.pg_toast_17171_index
17171,public.ml_p0000000000021600000
17181,public.ml_p0000000000022000000_pkey
17183,pg_toast.pg_toast_17178
17184,pg_toast.pg_toast_17178_index
17178,public.ml_p0000000000022000000
17188,public.ml_p0000000000022400000_pkey
17190,pg_toast.pg_toast_17185
17191,pg_toast.pg_toast_17185_index
17185,public.ml_p0000000000022400000
17195,public.ml_p0000000000022800000_pkey
17197,pg_toast.pg_toast_17192
17198,pg_toast.pg_toast_17192_index
17192,public.ml_p0000000000022800000
17202,public.ml_p0000000000023200000_pkey
17204,pg_toast.pg_toast_17199
17205,pg_toast.pg_toast_17199_index
17199,public.ml_p0000000000023200000
17209,public.ml_p0000000000023600000_pkey
17211,pg_toast.pg_toast_17206
17212,pg_toast.pg_toast_17206_index
17206,public.ml_p0000000000023600000
17216,public.ml_p0000000000024000000_pkey
17218,pg_toast.pg_toast_17213
17219,pg_toast.pg_toast_17213_index
17213,public.ml_p0000000000024000000
17223,public.ml_p0000000000024400000_pkey
17225,pg_toast.pg_toast_17220
17226,pg_toast.pg_toast_17220_index
17220,public.ml_p0000000000024400000
