21101,pgpm.config,pgpm.config,other
21110,pg_toast.pg_toast_21101,pgpm.config,toast
21111,pg_toast.pg_toast_21101_index,pgpm.config,index
21112,pgpm.config_pkey,pgpm.config,index
21118,pgpm.part,pgpm.part,other
21123,pg_toast.pg_toast_21118,pgpm.part,toast
21124,pg_toast.pg_toast_21118_index,pgpm.part,index
21125,pgpm.part_pkey,pgpm.part,index
21127,pgpm.transmute_inflight,pgpm.transmute_inflight,other
21131,pg_toast.pg_toast_21127,pgpm.transmute_inflight,toast
21132,pg_toast.pg_toast_21127_index,pgpm.transmute_inflight,index
21133,pgpm.transmute_inflight_pkey,pgpm.transmute_inflight,index
21135,pgpm.log_id_seq,pgpm.log_id_seq,other
21136,pgpm.log,pgpm.log,other
21140,pg_toast.pg_toast_21136,pgpm.log,toast
21141,pg_toast.pg_toast_21136_index,pgpm.log,index
21142,pgpm.log_pkey,pgpm.log,index
21144,pgpm.dropped_fk_id_seq,pgpm.dropped_fk_id_seq,other
21145,pgpm.dropped_fk,pgpm.dropped_fk,other
21149,pg_toast.pg_toast_21145,pgpm.dropped_fk,toast
21150,pg_toast.pg_toast_21145_index,pgpm.dropped_fk,index
21151,pgpm.dropped_fk_pkey,pgpm.dropped_fk,index
21186,pgpm.archive_result,pgpm.archive_result,other
21191,pgpm.archive_ledger,pgpm.archive_ledger,other
21195,pg_toast.pg_toast_21191,pgpm.archive_ledger,toast
21196,pg_toast.pg_toast_21191_index,pgpm.archive_ledger,index
21197,pgpm.archive_ledger_pkey,pgpm.archive_ledger,index
21199,pgpm.archive_ledger_parent_child_hi_idx,pgpm.archive_ledger,index
21256,pgpm.partitions,pgpm.partitions,other
21261,pgpm.installed_id_seq,pgpm.installed_id_seq,other
21262,pgpm.installed,pgpm.installed,other
21266,pg_toast.pg_toast_21262,pgpm.installed,toast
21267,pg_toast.pg_toast_21262_index,pgpm.installed,index
21268,pgpm.installed_pkey,pgpm.installed,index
21278,public.mg_ret,public.mg_ret,other
21282,public.mg_ret_pkey1,public.mg_ret,other
21480,public.mg_ret_p0000000000002900000,public.mg_ret,partition
21483,public.mg_ret_p0000000000002900000_pkey,public.mg_ret,index
21485,pg_toast.pg_toast_21480,public.mg_ret,toast
21486,pg_toast.pg_toast_21480_index,public.mg_ret,index
21487,public.mg_ret_p0000000000003000000,public.mg_ret,partition
21490,public.mg_ret_p0000000000003000000_pkey,public.mg_ret,index
21492,pg_toast.pg_toast_21487,public.mg_ret,toast
21493,pg_toast.pg_toast_21487_index,public.mg_ret,index
21494,public.ml_p0000000000000000000_to_0000000000000800000,public.ml,partition
21497,pg_toast.pg_toast_21494,public.ml,toast
21498,pg_toast.pg_toast_21494_index,public.ml,index
21499,public.ml_pkey,public.ml,index
21502,public.ml,public.ml,other
21506,public.ml_pkey1,public.ml,other
21508,public.ml_p0000000000000800000,public.ml,partition
21511,public.ml_p0000000000000800000_pkey,public.ml,index
21513,pg_toast.pg_toast_21508,public.ml,toast
21514,pg_toast.pg_toast_21508_index,public.ml,index
21515,public.ml_p0000000000001200000,public.ml,partition
21518,public.ml_p0000000000001200000_pkey,public.ml,index
21520,pg_toast.pg_toast_21515,public.ml,toast
21521,pg_toast.pg_toast_21515_index,public.ml,index
21522,public.ml_p0000000000001600000,public.ml,partition
21525,public.ml_p0000000000001600000_pkey,public.ml,index
21527,pg_toast.pg_toast_21522,public.ml,toast
21528,pg_toast.pg_toast_21522_index,public.ml,index
21529,public.ml_p0000000000002000000,public.ml,partition
21532,public.ml_p0000000000002000000_pkey,public.ml,index
21534,pg_toast.pg_toast_21529,public.ml,toast
21535,pg_toast.pg_toast_21529_index,public.ml,index
21536,public.ml_p0000000000002400000,public.ml,partition
21539,public.ml_p0000000000002400000_pkey,public.ml,index
21541,pg_toast.pg_toast_21536,public.ml,toast
21542,pg_toast.pg_toast_21536_index,public.ml,index
21543,public.ml_p0000000000002800000,public.ml,partition
21546,public.ml_p0000000000002800000_pkey,public.ml,index
21548,pg_toast.pg_toast_21543,public.ml,toast
21549,pg_toast.pg_toast_21543_index,public.ml,index
21550,public.ml_p0000000000003200000,public.ml,partition
21553,public.ml_p0000000000003200000_pkey,public.ml,index
21555,pg_toast.pg_toast_21550,public.ml,toast
21556,pg_toast.pg_toast_21550_index,public.ml,index
21557,public.ml_p0000000000003600000,public.ml,partition
21560,public.ml_p0000000000003600000_pkey,public.ml,index
21562,pg_toast.pg_toast_21557,public.ml,toast
21563,pg_toast.pg_toast_21557_index,public.ml,index
21564,public.ml_p0000000000004000000,public.ml,partition
21567,public.ml_p0000000000004000000_pkey,public.ml,index
21569,pg_toast.pg_toast_21564,public.ml,toast
21570,pg_toast.pg_toast_21564_index,public.ml,index
21571,public.ml_p0000000000004400000,public.ml,partition
21574,public.ml_p0000000000004400000_pkey,public.ml,index
21576,pg_toast.pg_toast_21571,public.ml,toast
21577,pg_toast.pg_toast_21571_index,public.ml,index
21578,public.ml_p0000000000004800000,public.ml,partition
21581,public.ml_p0000000000004800000_pkey,public.ml,index
21583,pg_toast.pg_toast_21578,public.ml,toast
21584,pg_toast.pg_toast_21578_index,public.ml,index
21585,public.ml_p0000000000005200000,public.ml,partition
21588,public.ml_p0000000000005200000_pkey,public.ml,index
21590,pg_toast.pg_toast_21585,public.ml,toast
21591,pg_toast.pg_toast_21585_index,public.ml,index
21592,public.ml_p0000000000005600000,public.ml,partition
21595,public.ml_p0000000000005600000_pkey,public.ml,index
21597,pg_toast.pg_toast_21592,public.ml,toast
21598,pg_toast.pg_toast_21592_index,public.ml,index
21599,public.ml_p0000000000006000000,public.ml,partition
21602,public.ml_p0000000000006000000_pkey,public.ml,index
21604,pg_toast.pg_toast_21599,public.ml,toast
21605,pg_toast.pg_toast_21599_index,public.ml,index
21606,public.ml_p0000000000006400000,public.ml,partition
21609,public.ml_p0000000000006400000_pkey,public.ml,index
21611,pg_toast.pg_toast_21606,public.ml,toast
21612,pg_toast.pg_toast_21606_index,public.ml,index
21613,public.ml_p0000000000006800000,public.ml,partition
21616,public.ml_p0000000000006800000_pkey,public.ml,index
21618,pg_toast.pg_toast_21613,public.ml,toast
21619,pg_toast.pg_toast_21613_index,public.ml,index
21620,public.ml_p0000000000007200000,public.ml,partition
21623,public.ml_p0000000000007200000_pkey,public.ml,index
21625,pg_toast.pg_toast_21620,public.ml,toast
21626,pg_toast.pg_toast_21620_index,public.ml,index
21627,public.ml_p0000000000007600000,public.ml,partition
21630,public.ml_p0000000000007600000_pkey,public.ml,index
21632,pg_toast.pg_toast_21627,public.ml,toast
21633,pg_toast.pg_toast_21627_index,public.ml,index
21634,public.ml_p0000000000008000000,public.ml,partition
21637,public.ml_p0000000000008000000_pkey,public.ml,index
21639,pg_toast.pg_toast_21634,public.ml,toast
21640,pg_toast.pg_toast_21634_index,public.ml,index
21641,public.ml_p0000000000008400000,public.ml,partition
21644,public.ml_p0000000000008400000_pkey,public.ml,index
21646,pg_toast.pg_toast_21641,public.ml,toast
21647,pg_toast.pg_toast_21641_index,public.ml,index
21648,public.ml_p0000000000008800000,public.ml,partition
21651,public.ml_p0000000000008800000_pkey,public.ml,index
21653,pg_toast.pg_toast_21648,public.ml,toast
21654,pg_toast.pg_toast_21648_index,public.ml,index
21655,public.ml_p0000000000009200000,public.ml,partition
21658,public.ml_p0000000000009200000_pkey,public.ml,index
21660,pg_toast.pg_toast_21655,public.ml,toast
21661,pg_toast.pg_toast_21655_index,public.ml,index
21662,public.ml_p0000000000009600000,public.ml,partition
21665,public.ml_p0000000000009600000_pkey,public.ml,index
21667,pg_toast.pg_toast_21662,public.ml,toast
21668,pg_toast.pg_toast_21662_index,public.ml,index
21669,public.ml_p0000000000010000000,public.ml,partition
21672,public.ml_p0000000000010000000_pkey,public.ml,index
21674,pg_toast.pg_toast_21669,public.ml,toast
21675,pg_toast.pg_toast_21669_index,public.ml,index
21676,public.ml_p0000000000010400000,public.ml,partition
21679,public.ml_p0000000000010400000_pkey,public.ml,index
21681,pg_toast.pg_toast_21676,public.ml,toast
21682,pg_toast.pg_toast_21676_index,public.ml,index
21683,public.ml_p0000000000010800000,public.ml,partition
21686,public.ml_p0000000000010800000_pkey,public.ml,index
21688,pg_toast.pg_toast_21683,public.ml,toast
21689,pg_toast.pg_toast_21683_index,public.ml,index
21690,public.ml_p0000000000011200000,public.ml,partition
21693,public.ml_p0000000000011200000_pkey,public.ml,index
21695,pg_toast.pg_toast_21690,public.ml,toast
21696,pg_toast.pg_toast_21690_index,public.ml,index
21697,public.ml_p0000000000011600000,public.ml,partition
21700,public.ml_p0000000000011600000_pkey,public.ml,index
21702,pg_toast.pg_toast_21697,public.ml,toast
21703,pg_toast.pg_toast_21697_index,public.ml,index
21704,public.ml_p0000000000012000000,public.ml,partition
21707,public.ml_p0000000000012000000_pkey,public.ml,index
21709,pg_toast.pg_toast_21704,public.ml,toast
21710,pg_toast.pg_toast_21704_index,public.ml,index
21711,public.ml_p0000000000012400000,public.ml,partition
21714,public.ml_p0000000000012400000_pkey,public.ml,index
21716,pg_toast.pg_toast_21711,public.ml,toast
21717,pg_toast.pg_toast_21711_index,public.ml,index
21718,public.ml_pgpm_regrain_delta,public.ml_pgpm_regrain_delta,other
21721,public.ml_pgpm_regrain_delta_pgpm_seq_seq,public.ml_pgpm_regrain_delta_pgpm_seq_seq,other
21725,public.ml_pgpm_regrain_delta_pgpm_seq_idx,public.ml_pgpm_regrain_delta,index
21728,public.ml_p0000000000012800000,public.ml,partition
21731,public.ml_p0000000000012800000_pkey,public.ml,index
21733,pg_toast.pg_toast_21728,public.ml,toast
21734,pg_toast.pg_toast_21728_index,public.ml,index
21735,public.ml_p0000000000013200000,public.ml,partition
21738,public.ml_p0000000000013200000_pkey,public.ml,index
21740,pg_toast.pg_toast_21735,public.ml,toast
21741,pg_toast.pg_toast_21735_index,public.ml,index
21742,public.ml_p0000000000013600000,public.ml,partition
21745,public.ml_p0000000000013600000_pkey,public.ml,index
21747,pg_toast.pg_toast_21742,public.ml,toast
21748,pg_toast.pg_toast_21742_index,public.ml,index
21749,public.ml_p0000000000014000000,public.ml,partition
21752,public.ml_p0000000000014000000_pkey,public.ml,index
21754,pg_toast.pg_toast_21749,public.ml,toast
21755,pg_toast.pg_toast_21749_index,public.ml,index
21756,public.ml_p0000000000014400000,public.ml,partition
21759,public.ml_p0000000000014400000_pkey,public.ml,index
21761,pg_toast.pg_toast_21756,public.ml,toast
21762,pg_toast.pg_toast_21756_index,public.ml,index
21763,public.ml_p0000000000014800000,public.ml,partition
21766,public.ml_p0000000000014800000_pkey,public.ml,index
21768,pg_toast.pg_toast_21763,public.ml,toast
21769,pg_toast.pg_toast_21763_index,public.ml,index
21770,public.ml_p0000000000015200000,public.ml,partition
21773,public.ml_p0000000000015200000_pkey,public.ml,index
21775,pg_toast.pg_toast_21770,public.ml,toast
21776,pg_toast.pg_toast_21770_index,public.ml,index
21777,public.ml_p0000000000015600000,public.ml,partition
21780,public.ml_p0000000000015600000_pkey,public.ml,index
21782,pg_toast.pg_toast_21777,public.ml,toast
21783,pg_toast.pg_toast_21777_index,public.ml,index
21784,public.ml_p0000000000016000000,public.ml,partition
21787,public.ml_p0000000000016000000_pkey,public.ml,index
21789,pg_toast.pg_toast_21784,public.ml,toast
21790,pg_toast.pg_toast_21784_index,public.ml,index
21791,public.ml_p0000000000016400000,public.ml,partition
21794,public.ml_p0000000000016400000_pkey,public.ml,index
21796,pg_toast.pg_toast_21791,public.ml,toast
21797,pg_toast.pg_toast_21791_index,public.ml,index
21798,public.ml_p0000000000016800000,public.ml,partition
21801,public.ml_p0000000000016800000_pkey,public.ml,index
21803,pg_toast.pg_toast_21798,public.ml,toast
21804,pg_toast.pg_toast_21798_index,public.ml,index
21805,public.ml_p0000000000017200000,public.ml,partition
21808,public.ml_p0000000000017200000_pkey,public.ml,index
21810,pg_toast.pg_toast_21805,public.ml,toast
21811,pg_toast.pg_toast_21805_index,public.ml,index
21812,public.ml_p0000000000017600000,public.ml,partition
21815,public.ml_p0000000000017600000_pkey,public.ml,index
21817,pg_toast.pg_toast_21812,public.ml,toast
21818,pg_toast.pg_toast_21812_index,public.ml,index
21819,public.ml_p0000000000018000000,public.ml,partition
21822,public.ml_p0000000000018000000_pkey,public.ml,index
21824,pg_toast.pg_toast_21819,public.ml,toast
21825,pg_toast.pg_toast_21819_index,public.ml,index
21826,public.ml_p0000000000018400000,public.ml,partition
21829,public.ml_p0000000000018400000_pkey,public.ml,index
21831,pg_toast.pg_toast_21826,public.ml,toast
21832,pg_toast.pg_toast_21826_index,public.ml,index
21833,public.ml_p0000000000018800000,public.ml,partition
21836,public.ml_p0000000000018800000_pkey,public.ml,index
21838,pg_toast.pg_toast_21833,public.ml,toast
21839,pg_toast.pg_toast_21833_index,public.ml,index
21840,public.ml_p0000000000019200000,public.ml,partition
21843,public.ml_p0000000000019200000_pkey,public.ml,index
21845,pg_toast.pg_toast_21840,public.ml,toast
21846,pg_toast.pg_toast_21840_index,public.ml,index
21847,public.ml_p0000000000019600000,public.ml,partition
21850,public.ml_p0000000000019600000_pkey,public.ml,index
21852,pg_toast.pg_toast_21847,public.ml,toast
21853,pg_toast.pg_toast_21847_index,public.ml,index
21854,public.ml_p0000000000020000000,public.ml,partition
21857,public.ml_p0000000000020000000_pkey,public.ml,index
21859,pg_toast.pg_toast_21854,public.ml,toast
21860,pg_toast.pg_toast_21854_index,public.ml,index
21861,public.ml_p0000000000020400000,public.ml,partition
21864,public.ml_p0000000000020400000_pkey,public.ml,index
21866,pg_toast.pg_toast_21861,public.ml,toast
21867,pg_toast.pg_toast_21861_index,public.ml,index
21868,public.ml_p0000000000020800000,public.ml,partition
21871,public.ml_p0000000000020800000_pkey,public.ml,index
21873,pg_toast.pg_toast_21868,public.ml,toast
21874,pg_toast.pg_toast_21868_index,public.ml,index
21875,public.ml_p0000000000021200000,public.ml,partition
21878,public.ml_p0000000000021200000_pkey,public.ml,index
21880,pg_toast.pg_toast_21875,public.ml,toast
21881,pg_toast.pg_toast_21875_index,public.ml,index
21882,public.ml_p0000000000021600000,public.ml,partition
21885,public.ml_p0000000000021600000_pkey,public.ml,index
21887,pg_toast.pg_toast_21882,public.ml,toast
21888,pg_toast.pg_toast_21882_index,public.ml,index
21889,public.ml_p0000000000022000000,public.ml,partition
21892,public.ml_p0000000000022000000_pkey,public.ml,index
21894,pg_toast.pg_toast_21889,public.ml,toast
21895,pg_toast.pg_toast_21889_index,public.ml,index
21896,public.ml_p0000000000022400000,public.ml,partition
21899,public.ml_p0000000000022400000_pkey,public.ml,index
21901,pg_toast.pg_toast_21896,public.ml,toast
21902,pg_toast.pg_toast_21896_index,public.ml,index
21903,public.ml_p0000000000022800000,public.ml,partition
21906,public.ml_p0000000000022800000_pkey,public.ml,index
21908,pg_toast.pg_toast_21903,public.ml,toast
21909,pg_toast.pg_toast_21903_index,public.ml,index
21910,public.ml_p0000000000023200000,public.ml,partition
21913,public.ml_p0000000000023200000_pkey,public.ml,index
21915,pg_toast.pg_toast_21910,public.ml,toast
21916,pg_toast.pg_toast_21910_index,public.ml,index
21917,public.ml_p0000000000023600000,public.ml,partition
21920,public.ml_p0000000000023600000_pkey,public.ml,index
21922,pg_toast.pg_toast_21917,public.ml,toast
21923,pg_toast.pg_toast_21917_index,public.ml,index
21924,public.ml_p0000000000024000000,public.ml,partition
21927,public.ml_p0000000000024000000_pkey,public.ml,index
21929,pg_toast.pg_toast_21924,public.ml,toast
21930,pg_toast.pg_toast_21924_index,public.ml,index
21931,public.ml_p0000000000024400000,public.ml,partition
21934,public.ml_p0000000000024400000_pkey,public.ml,index
21936,pg_toast.pg_toast_21931,public.ml,toast
21937,pg_toast.pg_toast_21931_index,public.ml,index
21967,public.ml_p0000000000000000000,public.ml,partition
21970,pg_toast.pg_toast_21967,public.ml,toast
21971,pg_toast.pg_toast_21967_index,public.ml,index
21972,public.ml_p0000000000000000000_pkey,public.ml,index
